{
              "Houston East C1/G316" : [29.7679965, -95.2205822],
"Houston Aldine C8/AF108/X150" : [29.9010364, -95.3261373],
     "Channelview C15/AH115" : [29.8027073, -95.1254948],
"Northwest Harris Co. C26/A110/X154" : [30.0395254, -95.6739468],
"Hou.DeerPrk2 C35/235/1001/AFH139FP239" : [29.6700250, -95.1285077],
"Seabrook Friendship Park C45" : [29.5830473, -95.0155437],
 "Conroe Relocated C78/A321" : [30.3503017, -95.4251278],
     "Manvel Croix Park C84" : [29.5204432, -95.3925089],
   "Clinton C403/C304/AH113" : [29.7337263, -95.2575931], 
       "Houston Monroe C406" : [29.6256610, -95.2670542],
                 "Lang C408" : [29.8342055, -95.4891195],
      "Houston Croquet C409" : [29.6238890, -95.4741670],
"Houston Westhollow C410/C3003" : [29.7233330, -95.6358330],
           "Park Place C416" : [29.6863890, -95.2947220],
"Houston Harvard Street C417" : [29.7729154, -95.3957846],
              "Sheldon C551" : [29.8586111, -95.1602778],
"Baytown Wetlands Center C552" : [29.7330556, -94.9847222],
       "Crosby Library C553" : [29.9208333, -95.0683333],
         "West Houston C554" : [29.8330556, -95.6569444],
     "Mercer Arboretum C557" : [30.0380556, -95.3811111],
             "Tom Bass C558" : [29.5894444, -95.3536111],
            "Katy Park C559" : [29.8105556, -95.8061111],
           "Atascocita C560" : [29.9619440, -95.2350000],
           "Meyer Park C561" : [30.0116670, -95.5225000],
  "Bunker Hill Village C562" : [29.7783330, -95.5380560],
    "Huffman Wolf Road C563" : [30.0578600, -95.0614700],
     "Wallisville Road C617" : [29.8213890, -94.9900000],
  "Texas City 34th St. C620" : [29.4057000, -94.9471200],
       "UH Moody Tower C695" : [29.7176000, -95.3414000],
   "UH WG Jones Forest C698" : [30.2362000, -95.4832000],
"Lynchburg Ferry C1015/A165" : [29.7588890, -95.0794440],
        "Lake Jackson C1016" : [29.0437592, -95.4729462],
       "Baytown Garth C1017" : [29.8233450, -94.9838700],
"Galveston 99th St. C1034/A320/X183" : [29.2544736, -94.8612886],
        "Oyster Creek C1607" : [29.0105560, -95.3133330]
}