{
                   "Houston Manchester C22" : [29.7058330, -95.2811110],
                           "Clute C11/A111" : [29.0108409, -95.3977440],
          "Galveston Airport C34/A109/X152" : [29.2633190, -94.8565681],
                           "Texas City C10" : [29.3977780, -94.9333330],
            "Houston Bayland Park C53/A146" : [29.6957294, -95.4992190],
                               "Conroe C65" : [30.3538890, -95.4216670],
               "HRM-3 Haden Road C603/A114" : [29.7647953, -95.1783710],
                     "HRM-7 W Baytown C607" : [29.7692640, -95.0175090],
                 "HRM-10 Mont Belvieu C610" : [29.8788890, -94.9213890],
                    "HRM-11 E Baytown C611" : [29.7658330, -94.9102780],
                    "HRM-4 Sheldon Rd C604" : [29.8347220, -95.1319440],
                       "HRM-8 LaPorte C608" : [29.6461110, -95.0563890],
               "Houston North Wayside C405" : [29.8280859, -95.2840958],
                    "Houston Crawford C407" : [29.7511110, -95.3616670],
              "Houston Regional Office C81" : [29.7351200, -95.3156000],
                "Houston Texas Avenue C411" : [29.7527780, -95.3502780],
           "San Jacinto Monument C166/C245" : [29.7519440, -95.0833330],
                       "Mustang Bayou C619" : [29.3085620, -95.1999100],
                            "Danciger C618" : [29.1442910, -95.7566010],
             "Clear Brook High School C570" : [29.5488889, -95.1852778],
              "Clear Lake High School C572" : [29.5833330, -95.1050000],
             "Clear Creek High School C571" : [29.5255560, -95.0705560],
                    "Kingwood Library C555" : [30.0547222, -95.1850000],
               "La Porte Sylvan Beach C556" : [29.6552778, -95.0097222],
        "Smith Point Hawkins Camp C96/C638" : [29.5462437, -94.7869686],
                       "Pasadena AAMS C672" : [29.6891592, -95.2038208],
                    "U of H-Sugarland C696" : [29.5741000, -95.6497000],
                     "UH West Liberty C699" : [30.0583000, -94.9781000],
                     "UH Smith Point C1606" : [29.5457890, -94.7813860],
                  "UH Launch Trailer C1611" : [29.7239970, -95.3391430],

                     "Houston East C1/G316" : [29.7679965, -95.2205822],
             "Houston Aldine C8/AF108/X150" : [29.9010364, -95.3261373],
                    "Channelview C15/AH115" : [29.8027073, -95.1254948],
       "Northwest Harris Co. C26/A110/X154" : [30.0395254, -95.6739468],
    "Hou.DeerPrk2 C35/235/1001/AFH139FP239" : [29.6700250, -95.1285077],
             "Seabrook Friendship Park C45" : [29.5830473, -95.0155437],
                "Conroe Relocated C78/A321" : [30.3503017, -95.4251278],
                    "Manvel Croix Park C84" : [29.5204432, -95.3925089],
                  "Clinton C403/C304/AH113" : [29.7337263, -95.2575931], 
                      "Houston Monroe C406" : [29.6256610, -95.2670542],
                                "Lang C408" : [29.8342055, -95.4891195],
                     "Houston Croquet C409" : [29.6238890, -95.4741670],
            "Houston Westhollow C410/C3003" : [29.7233330, -95.6358330],
                          "Park Place C416" : [29.6863890, -95.2947220],
              "Houston Harvard Street C417" : [29.7729154, -95.3957846],
                             "Sheldon C551" : [29.8586111, -95.1602778],
             "Baytown Wetlands Center C552" : [29.7330556, -94.9847222],
                      "Crosby Library C553" : [29.9208333, -95.0683333],
                        "West Houston C554" : [29.8330556, -95.6569444],
                    "Mercer Arboretum C557" : [30.0380556, -95.3811111],
                            "Tom Bass C558" : [29.5894444, -95.3536111],
                           "Katy Park C559" : [29.8105556, -95.8061111],
                          "Atascocita C560" : [29.9619440, -95.2350000],
                          "Meyer Park C561" : [30.0116670, -95.5225000],
                 "Bunker Hill Village C562" : [29.7783330, -95.5380560],
                   "Huffman Wolf Road C563" : [30.0578600, -95.0614700],
                    "Wallisville Road C617" : [29.8213890, -94.9900000],
                 "Texas City 34th St. C620" : [29.4057000, -94.9471200],
                      "UH Moody Tower C695" : [29.7176000, -95.3414000],
                  "UH WG Jones Forest C698" : [30.2362000, -95.4832000],
               "Lynchburg Ferry C1015/A165" : [29.7588890, -95.0794440],
                       "Lake Jackson C1016" : [29.0437592, -95.4729462],
                      "Baytown Garth C1017" : [29.8233450, -94.9838700],
       "Galveston 99th St. C1034/A320/X183" : [29.2544736, -94.8612886],
                       "Oyster Creek C1607" : [29.0105560, -95.3133330]
}